,0,1
0,10.7183,231.96873471846322
1,10.723539890710382,231.25055020827546
2,10.728779781420764,229.70242699927113
3,10.734019672131147,228.15840905796742
4,10.739259562841529,226.61848223848983
5,10.744499453551912,225.08263245044586
6,10.749739344262295,223.55084566052955
7,10.754979234972676,222.02310788887908
8,10.76021912568306,220.49940521086288
9,10.765459016393441,218.97972375800907
10,10.770698907103824,217.46404971356444
11,10.775938797814208,215.95236931671727
12,10.781178688524589,214.44466886100292
13,10.786418579234972,212.9409346916854
14,10.791658469945354,211.44115320932139
15,10.796898360655737,209.94531086647606
16,10.80213825136612,208.45339416959945
17,10.807378142076502,206.96538967743368
18,10.812618032786885,205.48128400042134
19,10.817857923497266,204.00106380340054
20,10.82309781420765,202.5247158011313
21,10.828337704918033,201.05222676104347
22,10.833577595628414,199.58358350253013
23,10.838817486338797,198.11877289545393
24,10.844057377049179,196.65778186137632
25,10.849297267759562,195.20059737348342
26,10.854537158469945,193.74720645432308
27,10.859777049180327,192.29759617686835
28,10.86501693989071,190.85175366595075
29,10.870256830601091,189.40966609507103
30,10.875496721311475,187.97132068808634
31,10.880736612021858,186.53670471781587
32,10.88597650273224,185.1058055071156
33,10.891216393442622,183.67861042852326
34,10.896456284153004,182.25510690194744
35,10.901696174863387,180.8352823972407
36,10.90693606557377,179.41912443249507
37,10.912175956284152,178.00662057364596
38,10.917415846994535,176.59775843614054
39,10.922655737704918,175.19252568158652
40,10.9278956284153,173.7909100197613
41,10.933135519125683,172.39289920911642
42,10.938375409836064,170.9984810541638
43,10.943615300546448,169.6076434062674
44,10.94885519125683,168.22037416458616
45,10.954095081967212,166.8366612747983
46,10.959334972677595,165.45649272809914
47,10.964574863387977,164.07985656304353
48,10.96981475409836,162.7067408639565
49,10.975054644808743,161.33713376067442
50,10.980294535519125,159.97102342905944
51,10.985534426229508,158.60839808997878
52,10.99077431693989,157.24924601025788
53,10.996014207650273,155.89355550108144
54,11.001254098360656,154.54131491921535
55,11.006493989071037,153.1925126657385
56,11.01173387978142,151.84713718559857
57,11.016973770491802,150.5051769688677
58,11.022213661202185,149.16662055033183
59,11.027453551912568,147.8314565074137
60,11.03269344262295,146.49967346100112
61,11.037933333333333,145.17126007738335
62,11.043173224043715,143.8462050647177
63,11.048413114754098,142.52449717440845
64,11.053653005464481,141.20612520171403
65,11.058892896174862,139.89107798358626
66,11.064132786885246,138.57934439999164
67,11.069372677595627,137.27091337397482
68,11.07461256830601,135.96577387033383
69,11.079852459016394,134.6639148953143
70,11.085092349726775,133.36532549805958
71,11.090332240437158,132.069994769514
72,11.09557213114754,130.77791184098052
73,11.100812021857923,129.489065885497
74,11.106051912568306,128.20344611812465
75,11.111291803278688,126.921041794696
76,11.11653169398907,125.64184221130063
77,11.121771584699452,124.36583670434888
78,11.127011475409835,123.09301465194909
79,11.132251366120219,121.82336547176979
80,11.1374912568306,120.55687862099772
81,11.142731147540983,119.29354359852913
82,11.147971038251365,118.03334994201273
83,11.153210928961748,116.77628722801268
84,11.158450819672131,115.52234507379026
85,11.163690710382513,114.27151313515164
86,11.168930601092896,113.02378110711135
87,11.174170491803277,111.779138724264
88,11.17941038251366,110.53757575912555
89,11.184650273224044,109.29908202360545
90,11.189890163934425,108.06364736715835
91,11.195130054644808,106.83126167804225
92,11.20036994535519,105.60191488338857
93,11.205609836065573,104.375596946623
94,11.210849726775956,103.1522978704516
95,11.216089617486338,101.93200769562615
96,11.221329508196721,100.7147164976216
97,11.226569398907102,99.50041439218838
98,11.231809289617486,98.28909153154787
99,11.237049180327869,97.08073810341125
100,11.24228907103825,95.87534433432126
101,11.247528961748634,94.6729004869058
102,11.252768852459017,93.47339685972277
103,11.258008743169398,92.2768237884891
104,11.263248633879781,91.08317164425273
105,11.268488524590163,89.8924308349937
106,11.273728415300546,88.70459180456474
107,11.278968306010928,87.51964503253753
108,11.28420819672131,86.33758103402718
109,11.289448087431694,85.15839035930287
110,11.294687978142075,83.98206359409366
111,11.299927868852459,82.80859135986715
112,11.305167759562842,81.63796431336179
113,11.310407650273223,80.47017314476278
114,11.315647540983607,79.30520857982715
115,11.320887431693988,78.14306137934689
116,11.326127322404371,76.98372233867617
117,11.331367213114754,75.8271822860959
118,11.336607103825136,74.67343208497586
119,11.34184699453552,73.52246263312404
120,11.3470868852459,72.3742648619409
121,11.352326775956284,71.22882973655693
122,11.357566666666667,70.0861482551095
123,11.362806557377048,68.94621144937572
124,11.368046448087432,67.80901038503089
125,11.373286338797813,66.67453616172929
126,11.378526229508196,65.54277990984198
127,11.38376612021858,64.41373279373707
128,11.389006010928961,63.28738601180573
129,11.394245901639344,62.16373079330663
130,11.399485792349726,61.042758400300315
131,11.404725683060109,59.92446012871114
132,11.409965573770492,58.80882730510835
133,11.415205464480874,57.695851287662386
134,11.420445355191257,56.5855234685476
135,11.425685245901638,55.47783526999581
136,11.430925136612021,54.37277814752545
137,11.436165027322405,53.27034358701802
138,11.441404918032786,52.17052310506229
139,11.44664480874317,51.073308251348976
140,11.45188469945355,49.97869060596029
141,11.457124590163934,48.886661780116256
142,11.462364480874317,47.79721341572333
143,11.467604371584699,46.71033718541646
144,11.472844262295082,45.62602479276703
145,11.478084153005463,44.54426797205795
146,11.483324043715847,43.465058487159546
147,11.48856393442623,42.38838813293912
148,11.493803825136611,41.31424873468732
149,11.499043715846994,40.242632146753245
150,11.504283606557376,39.17353025419229
151,11.50952349726776,38.10693497195039
152,11.514763387978142,37.0428382434567
153,11.520003278688524,35.98123204317909
154,11.525243169398907,34.922108373988785
155,11.53048306010929,33.86545926790299
156,11.535722950819672,32.81127678740326
157,11.540962841530055,31.759553022794716
158,11.546202732240436,30.710280093861734
159,11.55144262295082,29.663450149362493
160,11.556682513661201,28.619055365893864
161,11.561922404371584,27.577087949254476
162,11.567162295081967,26.537540133645305
163,11.572402185792349,25.50040418236587
164,11.577642076502732,24.465672385771775
165,11.582881967213115,23.43333706201451
166,11.588121857923497,22.403390559005185
167,11.59336174863388,21.3758252514241
168,11.598601639344261,20.350633541127443
169,11.603841530054645,19.327807858835378
170,11.609081420765026,18.307340662673038
171,11.61432131147541,17.289224437014223
172,11.619561202185793,16.273451694815275
173,11.624801092896174,15.260014975488133
174,11.630040983606557,14.248906846613828
175,11.63528087431694,13.240119901525256
176,11.640520765027322,12.233646760655729
177,11.645760655737705,11.229480071671123
178,11.651000546448087,10.227612508303151
179,11.65624043715847,9.228036772036454
180,11.661480327868853,8.230745589377833
181,11.666720218579234,7.235731713843973
182,11.671960109289618,6.242987925132738
183,11.6772,5.252507028588507
184,11.682439890710382,4.264281856890707
185,11.687679781420766,3.2783052669928767
186,11.692919672131147,2.2945701424377813
187,11.69815956284153,1.3130693928337227
188,11.703399453551912,0.33379595268555085
189,11.708639344262295,-0.6432572175520351
190,11.713879234972678,-1.6180971326422622
191,11.71911912568306,-2.5907307811926565
192,11.724359016393443,-3.5611651271458076
193,11.729598907103824,-4.52940710967715
194,11.734838797814207,-5.495463642459622
195,11.74007868852459,-6.459341613884065
196,11.745318579234972,-7.421047888864246
197,11.750558469945355,-8.380589306836244
198,11.755798360655737,-9.337972681651426
199,11.76103825136612,-10.293204804991152
200,11.766278142076503,-11.24629244276602
201,11.771518032786885,-12.197242335957936
202,11.776757923497268,-13.146061202778997
203,11.78199781420765,-14.092755736967671
204,11.787237704918033,-15.037332607693662
205,11.792477595628416,-15.979798460112379
206,11.797717486338797,-16.920159916846888
207,11.80295737704918,-17.858423575999176
208,11.808197267759562,-18.794596011360067
209,11.813437158469945,-19.728683774561205
210,11.818677049180328,-20.660693393715572
211,11.82391693989071,-21.590631372007213
212,11.829156830601093,-22.518504190841888
213,11.834396721311474,-23.44431830877531
214,11.839636612021858,-24.368080159815914
215,11.844876502732241,-25.28979615624406
216,11.850116393442622,-26.209472687517778
217,11.855356284153006,-27.127116119575952
218,11.860596174863389,-28.042732796035832
219,11.86583606557377,-28.956329038062968
220,11.871075956284153,-29.867911144329014
221,11.876315846994535,-30.7774853908979
222,11.881555737704918,-31.685058031466514
223,11.8867956284153,-32.590635297919654
224,11.892035519125683,-33.494223399917004
225,11.897275409836066,-34.39582852418582
226,11.902515300546447,-35.29545683663874
227,11.90775519125683,-36.193114481371
228,11.912995081967214,-37.08880757895754
229,11.918234972677595,-37.98254223083984
230,11.923474863387979,-38.874324515098735
231,11.92871475409836,-39.76416048795267
232,11.933954644808743,-40.6520561862736
233,11.939194535519125,-41.538017623614
234,11.944434426229508,-42.42205079270883
235,11.949674316939891,-43.30416166542707
236,11.954914207650273,-44.184356192293386
237,11.960154098360656,-45.06264030344422
238,11.965393989071039,-45.93901990692285
239,11.97063387978142,-46.81350089080182
240,11.975873770491804,-47.68608912285514
241,11.981113661202185,-48.55679044848559
242,11.986353551912568,-49.42561069357969
243,11.99159344262295,-50.29255566410133
244,11.996833333333333,-51.157631144051635
245,12.002073224043716,-52.02084289803483
246,12.007313114754098,-52.882196670768515
247,12.012553005464481,-53.74169818610514
248,12.017792896174864,-54.59935314727864
249,12.023032786885246,-55.455167238375736
250,12.028272677595629,-56.30914612402489
251,12.03351256830601,-57.1612954469845
252,12.038752459016393,-58.011620831985816
253,12.043992349726777,-58.86012788374456
254,12.049232240437158,-59.70682218678573
255,12.054472131147541,-60.55170930611982
256,12.059712021857923,-61.394794787770785
257,12.064951912568306,-62.236084158047404
258,12.07019180327869,-63.07558292384598
259,12.07543169398907,-63.913296572798025
260,12.080671584699454,-64.74923057330174
261,12.085911475409835,-65.58339037537755
262,12.091151366120219,-66.41578140862659
263,12.096391256830602,-67.2464090845081
264,12.101631147540983,-68.0752787961556
265,12.106871038251366,-68.9023959171032
266,12.112110928961748,-69.72776580181062
267,12.117350819672131,-70.55139378657861
268,12.122590710382514,-71.37328518953588
269,12.127830601092896,-72.19344531011956
270,12.133070491803279,-73.01187942846478
271,12.13831038251366,-73.82859280625867
272,12.143550273224044,-74.64359068897916
273,12.148790163934427,-75.45687830226113
274,12.154030054644808,-76.26846085235664
275,12.159269945355192,-77.07834352982202
276,12.164509836065573,-77.88653150674529
277,12.169749726775956,-78.693029935355
278,12.17498961748634,-79.49784395197969
279,12.180229508196721,-80.30097867486579
280,12.185469398907104,-81.10243920356686
281,12.190709289617487,-81.90223062086051
282,12.195949180327869,-82.70035799123383
283,12.201189071038252,-83.49682636260927
284,12.206428961748633,-84.29164076455125
285,12.211668852459017,-85.08480620920794
286,12.216908743169398,-85.8763276922376
287,12.222148633879781,-86.66621019107156
288,12.227388524590165,-87.45445866657793
289,12.232628415300546,-88.24107806218642
290,12.23786830601093,-89.02607330461905
291,12.243108196721312,-89.8094493031614
292,12.248348087431694,-90.59121094979338
293,12.253587978142077,-91.37136312093917
294,12.258827868852459,-92.14991067566373
295,12.264067759562842,-92.92685845529134
296,12.269307650273223,-93.70221128600299
297,12.274547540983606,-94.47597397609512
298,12.27978743169399,-95.24815131765934
299,12.285027322404371,-96.01874808769485
300,12.290267213114754,-96.78776904452151
301,12.295507103825138,-97.55521893138607
302,12.300746994535519,-98.3211024752528
303,12.305986885245902,-99.08542438690633
304,12.311226775956284,-99.84818936047158
305,12.316466666666667,-100.60940207403883
306,12.321706557377048,-101.36906718993473
307,12.326946448087432,-102.12718935498162
308,12.332186338797815,-102.88377319884796
309,12.337426229508196,-103.63882333582285
310,12.34266612021858,-104.39234436558341
311,12.347906010928963,-105.14434087045531
312,12.353145901639344,-105.89481741753849
313,12.358385792349727,-106.64377855916227
314,12.363625683060109,-107.3912288313945
315,12.368865573770492,-108.13717275400073
316,12.374105464480873,-108.88161483273402
317,12.379345355191257,-109.62455955791813
318,12.38458524590164,-110.36601140347153
319,12.389825136612021,-111.10597482868042
320,12.395065027322405,-111.84445427797357
321,12.400304918032788,-112.58145417985564
322,12.40554480874317,-113.31697894802542
323,12.410784699453552,-114.051032982521
324,12.416024590163934,-114.78362066619735
325,12.421264480874317,-115.5147463670278
326,12.4265043715847,-116.24441444084385
327,12.431744262295082,-116.97262922636298
328,12.436984153005465,-117.69939504802655
329,12.442224043715846,-118.42471621618353
330,12.44746393442623,-119.14859702500942
331,12.452703825136613,-119.87104175559082
332,12.457943715846994,-120.59205467465755
333,12.463183606557378,-121.31164003405375
334,12.468423497267759,-122.02980206990304
335,12.473663387978142,-122.74654500594013
336,12.478903278688525,-123.4618730508524
337,12.484143169398907,-124.17579039869503
338,12.48938306010929,-124.88830123006319
339,12.494622950819672,-125.59940971091659
340,12.499862841530055,-126.3091199932053
341,12.505102732240438,-127.01743621458354
342,12.51034262295082,-127.72436249984094
343,12.515582513661203,-128.429902958327
344,12.520822404371586,-129.13406168627623
345,12.526062295081967,-129.83684276690218
346,12.53130218579235,-130.53825026818382
347,12.536542076502732,-131.23828824508328
348,12.541781967213115,-131.93696073917943
349,12.547021857923497,-132.63427177759309
350,12.55226174863388,-133.33022537495881
351,12.557501639344263,-134.02482553178316
352,12.562741530054645,-134.71807623484935
353,12.567981420765028,-135.40998145839453
354,12.573221311475411,-136.10054516303765
355,12.578461202185792,-136.78977129483928
356,12.583701092896176,-137.47766378855553
357,12.588940983606557,-138.16422656474123
358,12.59418087431694,-138.84946353040746
359,12.599420765027322,-139.53337858068076
360,12.604660655737705,-140.21597559668098
361,12.609900546448088,-140.89725844593073
362,12.61514043715847,-141.57723098446655
363,12.620380327868853,-142.25589705495173
364,12.625620218579236,-142.93326048697088
365,12.630860109289618,-143.60932509745072
366,12.6361,-144.28409468982517
367,12.641339890710382,-144.9575730559243
368,12.646579781420765,-145.62976397389468
369,12.651819672131147,-146.30067121055353
370,12.65705956284153,-146.9702985196027
371,12.662299453551913,-147.63864964101657
372,12.667539344262295,-148.30572830384048
373,12.672779234972678,-148.9715382239634
374,12.678019125683061,-149.63608310510352
375,12.683259016393443,-150.29936663853613
376,12.688498907103826,-150.96139250364516
377,12.693738797814207,-151.62216436775128
378,12.69897868852459,-152.2816858840244
379,12.704218579234972,-152.93996069522814
380,12.709458469945355,-153.59699243261872
381,12.714698360655738,-154.25278471464918
382,12.71993825136612,-154.90734114666333
383,12.725178142076503,-155.56066532281193
384,12.730418032786886,-156.2127608263562
385,12.735657923497268,-156.86363122731393
386,12.740897814207651,-157.51328008440697
387,12.746137704918032,-158.16171094453955
388,12.751377595628416,-158.8089273427828
389,12.756617486338797,-159.45493280267613
390,12.76185737704918,-160.0997308358122
391,12.767097267759564,-160.7433249419285
392,12.772337158469945,-161.3857186103267
393,12.777577049180328,-162.0269153179956
394,12.782816939890711,-162.66691852956754
395,12.788056830601093,-163.30573169980565
396,12.793296721311476,-163.9433582713808
397,12.79853661202186,-164.5798016755237
398,12.80377650273224,-165.21506533210908
399,12.809016393442622,-165.84915264975248
400,12.814256284153005,-166.4820670258813
401,12.819496174863389,-167.11381184727867
402,12.82473606557377,-167.74439048885688
403,12.829975956284153,-168.37380631384124
404,12.835215846994537,-169.00206267616906
405,12.840455737704918,-169.62916291740606
406,12.845695628415301,-170.2551103680073
407,12.850935519125684,-170.87990834867324
408,12.856175409836066,-171.50356016830693
409,12.861415300546449,-172.12606912461086
410,12.86665519125683,-172.74743850529865
411,12.871895081967214,-173.36767158668962
412,12.877134972677595,-173.9867716343658
413,12.882374863387978,-174.60474190450444
414,12.887614754098362,-175.22158564083819
415,12.892854644808743,-175.837306076418
416,12.898094535519126,-176.45190643559266
417,12.90333442622951,-177.06538993082054
418,12.908574316939891,-177.67775976411218
419,12.913814207650274,-178.28901912694178
420,12.919054098360656,-178.89917120040823
421,12.924293989071039,-179.50821915558052
422,12.92953387978142,-180.11616615310743
423,12.934773770491804,-180.72301534350245
424,12.940013661202187,-181.32876986550127
425,12.945253551912568,-181.93343284887968
426,12.950493442622951,-182.53700741399174
427,12.955733333333335,-183.1394966699756
428,12.960973224043716,-183.74090371514018
429,12.9662131147541,-184.3412316386456
430,12.97145300546448,-184.9404835199603
431,12.976692896174864,-185.53866242780072
432,12.981932786885245,-186.13577142079697
433,12.987172677595629,-186.731813548132
434,12.992412568306012,-187.32679184895792
435,12.997652459016393,-187.92070935204373
436,13.002892349726777,-188.51356907778975
437,13.00813224043716,-189.10537403501598
438,13.013372131147541,-189.6961272227562
439,13.018612021857924,-190.28583163231048
440,13.023851912568306,-190.87449024387018
441,13.029091803278689,-191.4621060275747
442,13.03433169398907,-192.04868194418268
443,13.039571584699454,-192.6342209457148
444,13.044811475409837,-193.2187259745202
445,13.050051366120218,-193.80219996185252
446,13.055291256830602,-194.38464583167246
447,13.060531147540985,-194.96606649671665
448,13.065771038251366,-195.54646486100233
449,13.07101092896175,-196.12584382012543
450,13.076250819672131,-196.7042062578664
451,13.081490710382514,-197.28155505115984
452,13.086730601092896,-197.85789306651066
453,13.091970491803279,-198.43322316099284
454,13.097210382513662,-199.00754818309417
455,13.102450273224044,-199.58087097199308
456,13.107690163934427,-200.15319435747216
457,13.11293005464481,-200.72452115952967
458,13.118169945355191,-201.2948541912462
459,13.123409836065575,-201.86419625442946
460,13.128649726775958,-202.43255014242987
461,13.13388961748634,-202.99991864054962
462,13.13912950819672,-203.56630452332828
463,13.144369398907104,-204.13171055857214
464,13.149609289617487,-204.69613950433236
465,13.154849180327869,-205.25959410869785
466,13.160089071038252,-205.82207711218345
467,13.165328961748635,-206.3835912466286
468,13.170568852459017,-206.94413923377917
469,13.1758087431694,-207.5037237877151
470,13.181048633879783,-208.06234761410587
471,13.186288524590164,-208.6200134095054
472,13.191528415300548,-209.1767238616729
473,13.196768306010929,-209.73248164936453
474,13.202008196721312,-210.28728944341447
475,13.207248087431694,-210.84114990634524
476,13.212487978142077,-211.39406569230385
477,13.21772786885246,-211.94603944541473
478,13.222967759562842,-212.49707380262055
479,13.228207650273225,-213.04717139325942
480,13.233447540983608,-213.5963348358022
481,13.23868743169399,-214.14456674216703
482,13.243927322404373,-214.69186971625655
483,13.249167213114754,-215.23824635266786
484,13.254407103825137,-215.7836992377786
485,13.259646994535519,-216.32823095007612
486,13.264886885245902,-216.87184405973386
487,13.270126775956285,-217.41454112876445
488,13.275366666666667,-217.95632471098435
489,13.28060655737705,-218.49719735303714
490,13.285846448087433,-219.03716159148104
491,13.291086338797815,-219.5762199553104
492,13.296326229508198,-220.1143749677439
493,13.30156612021858,-220.65162914167922
494,13.306806010928963,-221.1879849822283
495,13.312045901639344,-221.7234449866883
496,13.317285792349727,-222.25801164592406
497,13.32252568306011,-222.79168744091263
498,13.327765573770492,-223.32447484523024
499,13.333005464480875,-223.85637632608956
500,13.338245355191258,-224.3873943410552
501,13.34348524590164,-224.91753134020766
502,13.348725136612023,-225.44678976685938
503,13.353965027322404,-225.97517205625036
504,13.359204918032788,-226.50268063447135
505,13.364444808743169,-227.0293179220618
506,13.369684699453552,-227.55508633177175
507,13.374924590163936,-228.07998826654676
508,13.380164480874317,-228.60402612310855
509,13.3854043715847,-229.12720229191555
510,13.390644262295083,-229.6495191538659
511,13.395884153005465,-230.17097908282813
512,13.401124043715848,-230.69158444600512
513,13.40636393442623,-231.2113376022572
514,13.411603825136613,-231.73024090393614
515,13.416843715846994,-232.24829669430886
516,13.422083606557377,-232.7655073114996
517,13.42732349726776,-233.2818750846538
518,13.432563387978142,-233.79740233606825
519,13.437803278688525,-234.31209138115724
520,13.443043169398909,-234.8259445266028
521,13.44828306010929,-235.33896407398623
522,13.453522950819673,-235.85115231610632
523,13.458762841530056,-236.36251153950957
524,13.464002732240438,-236.87304402231936
525,13.46924262295082,-237.38275203660254
526,13.474482513661203,-237.89163784741015
527,13.479722404371586,-238.39970371149425
528,13.484962295081967,-238.9069518796417
529,13.49020218579235,-239.41338459514375
530,13.495442076502734,-239.91900409523657
531,13.500681967213115,-240.42381260851366
532,13.505921857923498,-240.92781235673118
533,13.511161748633882,-241.43100555625236
534,13.516401639344263,-241.93339441586394
535,13.521641530054644,-242.43498113695506
536,13.526881420765028,-242.93576791365683
537,13.53212131147541,-243.43575693412384
538,13.537361202185792,-243.9349503799379
539,13.542601092896176,-244.4333504253117
540,13.547840983606559,-244.93095923743226
541,13.55308087431694,-245.42777897680023
542,13.558320765027323,-245.92381179794822
543,13.563560655737707,-246.41905984794602
544,13.568800546448088,-246.9135252671058
545,13.574040437158471,-247.40721019011445
546,13.579280327868853,-247.90011674358942
547,13.584520218579236,-248.39224704867905
548,13.589760109289617,-248.88360321919504
549,13.595,-249.17714595617042
550,10.7183,182.45868254047463
551,10.723540072859745,181.82740867036182
552,10.728780145719488,180.47733229268067
553,10.734020218579234,179.13130098748252
554,10.73926029143898,177.78929944319373
555,10.744500364298725,176.45131241388313
556,10.749740437158469,175.11732471866134
557,10.754980510018214,173.78732124060753
558,10.76022058287796,172.4612869284958
559,10.765460655737705,171.13920679431294
560,10.770700728597449,169.82106591410954
561,10.775940801457194,168.50684942808618
562,10.78118087431694,167.19654253854227
563,10.786420947176683,165.89013051222005
564,10.791661020036429,164.5875986773075
565,10.796901092896174,163.28893242395765
566,10.80214116575592,161.9941172064833
567,10.807381238615664,160.70313853892534
568,10.812621311475409,159.41598199717214
569,10.817861384335155,158.13263321894559
570,10.823101457194898,156.85307790263454
571,10.828341530054644,155.57730180690533
572,10.83358160291439,154.30529075121615
573,10.838821675774135,153.0370306144861
574,10.844061748633878,151.7725073353431
575,10.849301821493624,150.5117069130609
576,10.85454189435337,149.254615404857
577,10.859781967213115,148.00121892720756
578,10.865022040072859,146.75150365550243
579,10.870262112932604,145.5054558232041
580,10.87550218579235,144.2630617215186
581,10.880742258652093,143.02430770029645
582,10.885982331511839,141.78918016642288
583,10.891222404371584,140.55766558402638
584,10.89646247723133,139.32975047461377
585,10.901702550091073,138.10542141582678
586,10.906942622950819,136.88466504235737
587,10.912182695810564,135.66746804410465
588,10.91742276867031,134.453817168678
589,10.922662841530054,133.24369921777648
590,10.927902914389799,132.03710104898505
591,10.933142987249544,130.8340095754292
592,10.938383060109288,129.63441176431283
593,10.943623132969034,128.43829463882633
594,10.94886320582878,127.24564527507864
595,10.954103278688525,126.05645080341449
596,10.959343351548268,124.87069840982814
597,10.964583424408014,123.68837533269746
598,10.96982349726776,122.50946886240196
599,10.975063570127505,121.33396634502628
600,10.980303642987248,120.16185517811208
601,10.985543715846994,118.9931228115461
602,10.99078378870674,117.82775674928455
603,10.996023861566483,116.6657445452063
604,11.001263934426229,115.5070738064872
605,11.006504007285974,114.35173219229799
606,11.01174408014572,113.19970741154074
607,11.016984153005463,112.05098722604745
608,11.022224225865209,110.90555944817221
609,11.027464298724954,109.76341194039657
610,11.0327043715847,108.62453261575452
611,11.037944444444443,107.48890943803949
612,11.043184517304189,106.35653042088049
613,11.048424590163934,105.22738362766043
614,11.053664663023678,104.10145717125356
615,11.058904735883424,102.97873921378574
616,11.064144808743169,101.8592179665137
617,11.069384881602915,100.74288168934899
618,11.074624954462658,99.62971869195913
619,11.079865027322404,98.51971733132439
620,11.08510510018215,97.41286601254775
621,11.090345173041893,96.30915318889717
622,11.095585245901638,95.208567361847
623,11.100825318761384,94.1110970800474
624,11.10606539162113,93.01673093944709
625,11.111305464480873,91.92545758348557
626,11.116545537340619,90.83726570183504
627,11.121785610200364,89.75214403088798
628,11.12702568306011,88.67008135388022
629,11.132265755919853,87.59106650047562
630,11.137505828779599,86.51508834610277
631,11.142745901639344,85.4421358112444
632,11.147985974499088,84.37219786299956
633,11.153226047358833,83.30526351388518
634,11.158466120218579,82.24132182048683
635,11.163706193078324,81.18036188600276
636,11.168946265938068,80.12237285709341
637,11.174186338797814,79.06734392502062
638,11.179426411657559,78.01526432612849
639,11.184666484517304,76.96612334105464
640,11.189906557377048,75.91991029338932
641,11.195146630236794,74.87661455111494
642,11.20038670309654,73.83622552618506
643,11.205626775956283,72.79873267245345
644,11.210866848816028,71.76412548869675
645,11.216106921675774,70.7323935157305
646,11.22134699453552,69.70352633652675
647,11.226587067395263,68.67751357851894
648,11.231827140255009,67.65434491016069
649,11.237067213114754,66.63401004140655
650,11.242307285974498,65.61649872591084
651,11.247547358834243,64.60180075824606
652,11.252787431693989,63.589905974359716
653,11.258027504553734,62.58080425230394
654,11.263267577413478,61.57448551087395
655,11.268507650273223,60.57093971011696
656,11.273747723132969,59.57015685088209
657,11.278987795992714,58.57212697463211
658,11.284227868852458,57.576840163299856
659,11.289467941712203,56.58428653948615
660,11.294708014571949,55.594456265699215
661,11.299948087431694,54.60733954385794
662,11.305188160291438,53.62292661698558
663,11.310428233151184,52.64120776633357
664,11.315668306010929,51.66217331307891
665,11.320908378870673,50.68581361747717
666,11.326148451730418,49.71211907940379
667,11.331388524590164,48.74108013757616
668,11.33662859744991,47.77268726813118
669,11.341868670309653,46.80693098693266
670,11.347108743169398,45.84380184790753
671,11.352348816029144,44.88329044381932
672,11.357588888888888,43.925387404498295
673,11.362828961748633,42.970083397366224
674,11.368069034608379,42.01736912819315
675,11.373309107468124,41.06723534059754
676,11.378549180327868,40.11967281496021
677,11.383789253187613,39.174672368595644
678,11.389029326047359,38.232224856205654
679,11.394269398907104,37.29232116968701
680,11.399509471766848,36.35495223673051
681,11.404749544626593,35.42010902191538
682,11.409989617486339,34.4877825265482
683,11.415229690346083,33.55796378751088
684,11.420469763205828,32.630643877764115
685,11.425709836065574,31.705813906791562
686,11.430949908925319,30.783465019785787
687,11.436189981785063,29.863588395304927
688,11.441430054644808,28.94617525039708
689,11.446670127504554,28.031216835460214
690,11.4519102003643,27.118704435597333
691,11.457150273224043,26.208629373243244
692,11.462390346083788,25.300983003031124
693,11.467630418943534,24.395756714416766
694,11.472870491803278,23.49294193270888
695,11.478110564663023,22.592530116750453
696,11.483350637522769,21.694512759356986
697,11.488590710382514,20.798881387431273
698,11.493830783242258,19.905627561785355
699,11.499070856102003,19.014742876972335
700,11.504310928961749,18.12621896079474
701,11.509551001821492,17.240047475029215
702,11.514791074681238,16.356220113396574
703,11.520031147540983,15.474728604499195
704,11.525271220400729,14.595564708810175
705,11.530511293260473,13.71872021880026
706,11.535751366120218,12.84418696126424
707,11.540991438979963,11.971956794943145
708,11.546231511839709,11.102021610637854
709,11.551471584699453,10.234373331335268
710,11.556711657559198,9.36900391171107
711,11.561951730418944,8.505905339195428
712,11.567191803278687,7.645069633454731
713,11.572431876138433,6.786488844328901
714,11.577671948998178,5.930155053834148
715,11.582912021857924,5.076060375335629
716,11.588152094717667,4.224196953670033
717,11.593392167577413,3.374556964953548
718,11.598632240437158,2.5271326157564675
719,11.603872313296904,1.681916142901736
720,11.609112386156648,0.8388998148449923
721,11.614352459016393,-0.0019240688364302071
722,11.619592531876139,-0.8405631798499879
723,11.624832604735882,-1.6770251582345115
724,11.630072677595628,-2.511317614452423
725,11.635312750455373,-3.3434481295920846
726,11.640552823315119,-4.173424253041555
727,11.645792896174862,-5.001253506479597
728,11.651032969034608,-5.826943380606473
729,11.656273041894353,-6.650501336928433
730,11.661513114754097,-7.471934808270693
731,11.666753187613843,-8.291251196775294
732,11.671993260473588,-9.108457877589395
733,11.677233333333334,-9.923562194632579
734,11.682473406193077,-10.736571464286426
735,11.687713479052823,-11.547492974343141
736,11.692953551912568,-12.35633398326164
737,11.698193624772314,-13.1631017213215
738,11.703433697632057,-13.967803390195543
739,11.708673770491803,-14.770446164441248
740,11.713913843351548,-15.571037189169386
741,11.719153916211294,-16.36958358215357
742,11.724393989071038,-17.166092432768295
743,11.729634061930783,-17.96057080348682
744,11.734874134790529,-18.75302572914388
745,11.740114207650272,-19.543464215847425
746,11.745354280510018,-20.331893243451223
747,11.750594353369763,-21.11831976417453
748,11.755834426229509,-21.902750703762774
749,11.761074499089252,-22.685192960106825
750,11.766314571948998,-23.465653404113343
751,11.771554644808743,-24.24413888056626
752,11.776794717668487,-25.02065620703208
753,11.782034790528233,-25.79521217507402
754,11.787274863387978,-26.567813548868855
755,11.792514936247724,-27.33846706765101
756,11.797755009107467,-28.107179443371663
757,11.802995081967213,-28.873957361578643
758,11.808235154826958,-29.638807483887977
759,11.813475227686702,-30.401736443355432
760,11.818715300546447,-31.16275084891098
761,11.823955373406193,-31.921857283976504
762,11.829195446265938,-32.679062305059325
763,11.834435519125684,-33.43437244425045
764,11.839675591985428,-34.187794208781824
765,11.844915664845173,-34.939334079996094
766,11.850155737704918,-35.68899851325662
767,11.855395810564662,-36.43679394069591
768,11.860635883424408,-37.182726768602706
769,11.865875956284153,-37.92680337893208
770,11.871116029143899,-38.669030128544925
771,11.876356102003642,-39.4094133491128
772,11.881596174863388,-40.14795934931026
773,11.886836247723133,-40.884674413119654
774,11.892076320582877,-41.61956479935524
775,11.897316393442622,-42.35263674292462
776,11.902556466302368,-43.0838964560253
777,11.907796539162113,-43.81335012512006
778,11.913036612021857,-44.54100391375343
779,11.918276684881603,-45.26686396217168
780,11.923516757741348,-45.990936385300316
781,11.928756830601092,-46.71322727679475
782,11.933996903460837,-47.43374270546199
783,11.939236976320583,-48.152488716783985
784,11.944477049180328,-48.869471333448615
785,11.949717122040072,-49.584696554613316
786,11.954957194899817,-50.298170357475385
787,11.960197267759563,-51.00989869491527
788,11.965437340619308,-51.71988749764984
789,11.970677413479052,-52.428142673497234
790,11.975917486338798,-53.13467010765309
791,11.981157559198543,-53.839475662931974
792,11.986397632058289,-54.542565179649316
793,11.991637704918032,-55.243944476187565
794,11.996877777777778,-55.94361934732308
795,12.002117850637523,-56.641595566757864
796,12.007357923497267,-57.33787888630263
797,12.012597996357012,-58.032475035554924
798,12.017838069216758,-58.72538972180802
799,12.023078142076503,-59.41662863058392
800,12.028318214936247,-60.10619742620441
801,12.033558287795993,-60.79410175142621
802,12.038798360655738,-61.480347227371844
803,12.044038433515482,-62.164939453357356
804,12.049278506375227,-62.84788400723269
805,12.054518579234973,-63.529186446602125
806,12.059758652094718,-64.20885230739663
807,12.064998724954462,-64.88688710379299
808,12.070238797814207,-65.56329633014587
809,12.075478870673953,-66.23808545961262
810,12.080718943533697,-66.91125994430392
811,12.085959016393442,-67.582825214979
812,12.091199089253188,-68.25278668325554
813,12.096439162112933,-68.92114973952144
814,12.101679234972677,-69.58791975318489
815,12.106919307832422,-70.2531020742894
816,12.112159380692168,-70.91670203179683
817,12.117399453551913,-71.57872493478074
818,12.122639526411657,-72.23917607202232
819,12.127879599271402,-72.89806071330288
820,12.133119672131148,-73.55538410735583
821,12.138359744990893,-74.21115148273178
822,12.143599817850637,-74.86536804937238
823,12.148839890710383,-75.51803899760183
824,12.154079963570128,-76.16916949707782
825,12.159320036429872,-76.81876469792323
826,12.164560109289617,-77.46682973209182
827,12.169800182149363,-78.11336971130437
828,12.175040255009108,-78.75838972857771
829,12.180280327868852,-79.4018948565002
830,12.185520400728597,-80.04389014986056
831,12.190760473588343,-80.68438064393926
832,12.196000546448087,-81.32337135497876
833,12.201240619307832,-81.96086728089927
834,12.206480692167577,-82.59687339989189
835,12.211720765027323,-83.23139467195188
836,12.216960837887067,-83.86443603847809
837,12.222200910746812,-84.49600242292648
838,12.227440983606558,-85.12609872843394
839,12.232681056466301,-85.75472984160476
840,12.237921129326047,-86.38190063058312
841,12.243161202185792,-87.0076159439745
842,12.248401275045538,-87.63188061270002
843,12.253641347905283,-88.2546994503375
844,12.258881420765027,-88.87607725264984
845,12.264121493624772,-89.49601879526408
846,12.269361566484518,-90.11452883828164
847,12.274601639344262,-90.73161212374892
848,12.279841712204007,-91.34727337439517
849,12.285081785063753,-91.96151729655264
850,12.290321857923498,-92.57434857903311
851,12.295561930783242,-93.18577189306296
852,12.300802003642987,-93.7957918919491
853,12.306042076502733,-94.40441321169943
854,12.311282149362476,-95.01164047148598
855,12.316522222222222,-95.61747827339245
856,12.321762295081967,-96.22193120200191
857,12.327002367941713,-96.82500382460523
858,12.332242440801457,-97.42670069147239
859,12.337482513661202,-98.02702633652767
860,12.342722586520948,-98.62598527697135
861,12.347962659380691,-99.22358201273472
862,12.353202732240437,-99.81982102623292
863,12.358442805100182,-100.41470678463601
864,12.363682877959928,-101.00824373873795
865,12.368922950819671,-101.60043632088075
866,12.374163023679417,-102.19128894832048
867,12.379403096539162,-102.78080602216257
868,12.384643169398908,-103.36899192723516
869,12.389883242258652,-103.95585103101973
870,12.395123315118397,-104.54138768534449
871,12.400363387978143,-105.12560622700079
872,12.405603460837888,-105.70851097492265
873,12.410843533697632,-106.29010623349436
874,12.416083606557377,-106.8703962908828
875,12.421323679417123,-107.44938541832335
876,12.426563752276866,-108.02707787327265
877,12.431803825136612,-108.60347789580618
878,12.437043897996357,-109.17858971056692
879,12.442283970856103,-109.752417527651
880,12.447524043715847,-110.32496554086251
881,12.452764116575592,-110.89623792840797
882,12.458004189435337,-111.46623885285977
883,12.463244262295081,-112.03497246262394
884,12.468484335154827,-112.60244289036451
885,12.473724408014572,-113.16865425259063
886,12.478964480874318,-113.73361065155824
887,12.484204553734061,-114.2973161748777
888,12.489444626593807,-114.85977489384278
889,12.494684699453552,-115.42099086610878
890,12.499924772313296,-115.98096813342997
891,12.505164845173041,-116.53971072279916
892,12.510404918032787,-117.0972226473949
893,12.515644990892532,-117.6535079050932
894,12.520885063752276,-118.20857047875296
895,12.526125136612022,-118.76241433692368
896,12.531365209471767,-119.31504343379451
897,12.536605282331513,-119.8664617087228
898,12.541845355191256,-120.41667308754309
899,12.547085428051002,-120.96568148021476
900,12.552325500910747,-121.51349078349486
901,12.557565573770493,-122.06010488012674
902,12.562805646630236,-122.60552763776508
903,12.568045719489982,-123.1497629100314
904,12.573285792349727,-123.69281453750946
905,12.578525865209471,-124.23468634614353
906,12.583765938069217,-124.77538214737592
907,12.589006010928962,-125.3149057391013
908,12.594246083788708,-125.85326090587667
909,12.599486156648451,-126.39045141853006
910,12.604726229508197,-126.92648103282886
911,12.609966302367942,-127.46135349253218
912,12.615206375227686,-127.99507252641186
913,12.620446448087431,-128.5276418504521
914,12.625686520947177,-129.05906516778182
915,12.630926593806922,-129.5893461664841
916,12.636166666666666,-130.1184885219463
917,12.641406739526412,-130.646495896903
918,12.646646812386157,-131.17337193969536
919,12.6518868852459,-131.6991202860845
920,12.657126958105646,-132.2237445587187
921,12.662367030965392,-132.74724836637725
922,12.667607103825137,-133.26963530587557
923,12.672847176684883,-133.79090896006872
924,12.678087249544626,-134.31107289906763
925,12.683327322404372,-134.83013068065236
926,12.688567395264117,-135.34808584921745
927,12.693807468123861,-135.86494193586452
928,12.699047540983607,-136.38070245994223
929,12.704287613843352,-136.89537092760062
930,12.709527686703098,-137.40895083165427
931,12.714767759562841,-137.92144565360687
932,12.720007832422587,-138.43285886232206
933,12.725247905282332,-138.94319391262053
934,12.730487978142076,-139.45245424813342
935,12.735728051001821,-139.96064330043563
936,12.740968123861567,-140.4677644869037
937,12.746208196721312,-140.97382121472853
938,12.751448269581056,-141.4788168781053
939,12.756688342440802,-141.98275485828557
940,12.761928415300547,-142.48563852529
941,12.76716848816029,-142.98747123661133
942,12.772408561020036,-143.48825633738844
943,12.777648633879782,-143.9879971610336
944,12.782888706739527,-144.48669702941748
945,12.788128779599273,-144.98435925260262
946,12.793368852459016,-145.48098712763726
947,12.798608925318762,-145.97658393970255
948,12.803848998178506,-146.471152964406
949,12.809089071038251,-146.96469746357198
950,12.814329143897996,-147.45722068703517
951,12.819569216757742,-147.94872587488774
952,12.824809289617487,-148.43921625443295
953,12.830049362477231,-148.92869504106218
954,12.835289435336977,-149.41716543973448
955,12.840529508196722,-149.90463064287215
956,12.845769581056466,-150.3910938325329
957,12.851009653916211,-150.876558178856
958,12.856249726775957,-151.36102684034552
959,12.861489799635702,-151.8445029651263
960,12.866729872495446,-152.32698968915838
961,12.871969945355191,-152.80849013769821
962,12.877210018214937,-153.2890074249372
963,12.88245009107468,-153.76854465373043
964,12.887690163934426,-154.24710491614132
965,12.892930236794172,-154.72469129302812
966,12.898170309653917,-155.20130685390157
967,12.90341038251366,-155.67695465863738
968,12.908650455373406,-156.15163775509322
969,12.913890528233152,-156.62535917979665
970,12.919130601092895,-157.09812196012484
971,12.924370673952641,-157.56992911205208
972,12.929610746812386,-158.04078363973449
973,12.934850819672132,-158.51068853849875
974,12.940090892531877,-158.97964679178054
975,12.945330965391621,-159.44766137200517
976,12.950571038251367,-159.91473524317465
977,12.95581111111111,-160.3808713572088
978,12.961051183970856,-160.8460726549627
979,12.966291256830601,-161.31034206841042
980,12.971531329690347,-161.77368251868842
981,12.976771402550092,-162.23609691619495
982,12.982011475409836,-162.6975881611221
983,12.987251548269581,-163.1581591432056
984,12.992491621129327,-163.61781274348124
985,12.99773169398907,-164.07655183082738
986,13.002971766848816,-164.5343792642941
987,13.008211839708562,-164.99129789445465
988,13.013451912568307,-165.44731056008285
989,13.01869198542805,-165.90242009094212
990,13.023932058287796,-166.3566293068055
991,13.029172131147542,-166.80994101603426
992,13.034412204007285,-167.26235801918094
993,13.03965227686703,-167.71388310602697
994,13.044892349726776,-168.16451905622768
995,13.050132422586522,-168.61426864019973
996,13.055372495446267,-169.06313461816737
997,13.060612568306011,-169.51111974104927
998,13.065852641165757,-169.95822674953433
999,13.0710927140255,-170.40445837535202
1000,13.076332786885246,-170.84981734124187
1001,13.081572859744991,-171.29430635819494
1002,13.086812932604737,-171.73792812950845
1003,13.092053005464482,-172.18068534912442
1004,13.097293078324226,-172.6225806996735
1005,13.102533151183971,-173.06361685685542
1006,13.107773224043717,-173.5037964855255
1007,13.11301329690346,-173.9431222408208
1008,13.118253369763206,-174.38159676981672
1009,13.123493442622951,-174.8192227100433
1010,13.128733515482697,-175.25600268933576
1011,13.13397358834244,-175.69193932615786
1012,13.139213661202186,-176.12703523076038
1013,13.144453734061932,-176.56129300304
1014,13.149693806921675,-176.99471523509425
1015,13.15493387978142,-177.42730451003362
1016,13.160173952641166,-177.85906339977683
1017,13.165414025500912,-178.28999446990176
1018,13.170654098360655,-178.72010027568496
1019,13.175894171220401,-179.14938336397958
1020,13.181134244080146,-179.5778462725004
1021,13.18637431693989,-180.00549152987833
1022,13.191614389799636,-180.43232165697873
1023,13.196854462659381,-180.8583391646929
1024,13.202094535519127,-181.28354655554648
1025,13.207334608378872,-181.7079463241824
1026,13.212574681238616,-182.131540955385
1027,13.217814754098361,-182.55433292567014
1028,13.223054826958105,-182.97632470420962
1029,13.22829489981785,-183.3975187492137
1030,13.233534972677596,-183.81791751233305
1031,13.238775045537341,-184.23752343593173
1032,13.244015118397087,-184.65633895393205
1033,13.24925519125683,-185.07436649270883
1034,13.254495264116576,-185.49160846834044
1035,13.259735336976322,-185.90806729020903
1036,13.264975409836065,-186.32374535889187
1037,13.27021548269581,-186.73864506641576
1038,13.275455555555556,-187.15276879727875
1039,13.280695628415302,-187.5661189264948
1040,13.285935701275045,-187.97869782136652
1041,13.291175774134791,-188.39050784194777
1042,13.296415846994536,-188.8015513392443
1043,13.30165591985428,-189.21183065598092
1044,13.306895992714026,-189.62134812722383
1045,13.312136065573771,-190.03010607996038
1046,13.317376138433517,-190.4381068329444
1047,13.32261621129326,-190.8453526977537
1048,13.327856284153006,-191.25184597708449
1049,13.333096357012751,-191.65758896511787
1050,13.338336429872495,-192.06258394973594
1051,13.34357650273224,-192.46683320989197
1052,13.348816575591986,-192.8703390177245
1053,13.354056648451731,-193.27310363655758
1054,13.359296721311477,-193.67512932176135
1055,13.36453679417122,-194.07641832165046
1056,13.369776867030966,-194.47697287656837
1057,13.37501693989071,-194.87679521981826
1058,13.380257012750455,-195.27588757582288
1059,13.3854970856102,-195.6742521624092
1060,13.390737158469946,-196.0718911887691
1061,13.395977231329692,-196.46880685741615
1062,13.401217304189435,-196.8650013636323
1063,13.40645737704918,-197.2604768937899
1064,13.411697449908926,-197.6552356279066
1065,13.41693752276867,-198.04927973822933
1066,13.422177595628416,-198.44261138987434
1067,13.427417668488161,-198.8352327404055
1068,13.432657741347906,-199.2271459389456
1069,13.43789781420765,-199.61835312833864
1070,13.443137887067396,-200.00885644453322
1071,13.448377959927141,-200.39865801586245
1072,13.453618032786885,-200.7877599627142
1073,13.45885810564663,-201.17616439890773
1074,13.464098178506376,-201.56387343017477
1075,13.469338251366121,-201.95088915615835
1076,13.474578324225867,-202.33721366983008
1077,13.47981839708561,-202.72284905473376
1078,13.485058469945356,-203.10779738955785
1079,13.4902985428051,-203.4920607450479
1080,13.495538615664845,-203.8756411843488
1081,13.50077868852459,-204.25854076495094
1082,13.506018761384336,-204.64076153626232
1083,13.511258834244082,-205.02230554122394
1084,13.516498907103825,-205.4031748153802
1085,13.52173897996357,-205.7833713877635
1086,13.526979052823316,-206.16289728053988
1087,13.53221912568306,-206.5417545086726
1088,13.537459198542805,-206.9199450813161
1089,13.542699271402551,-207.29747099918606
1090,13.547939344262296,-207.67433425696996
1091,13.55317941712204,-208.05053684330494
1092,13.558419489981786,-208.42608073905777
1093,13.563659562841531,-208.8009679188091
1094,13.568899635701275,-209.1752003505145
1095,13.57413970856102,-209.54877999580103
1096,13.579379781420766,-209.92170880917317
1097,13.584619854280511,-210.29398873821762
1098,13.589859927140255,-210.66562172468716
1099,13.5951,-210.89194756721227
1100,10.6479,135.98861061835865
1101,10.653105646630237,135.56274631427493
1102,10.658311293260473,134.6449019215108
1103,10.66351693989071,133.72827312984376
1104,10.668722586520946,132.81285725224436
1105,10.673928233151184,131.89865160915852
1106,10.679133879781421,130.98565352750092
1107,10.684339526411657,130.07386034193254
1108,10.689545173041894,129.16326939481812
1109,10.694750819672132,128.2538780348094
1110,10.699956466302368,127.34568361756673
1111,10.705162112932605,126.43868350660914
1112,10.71036775956284,125.53287507295899
1113,10.715573406193078,124.62825569313597
1114,10.720779052823316,123.72482275135717
1115,10.725984699453551,122.82257364024875
1116,10.731190346083789,121.92150575670544
1117,10.736395992714025,121.02161650622537
1118,10.741601639344262,120.12290330295629
1119,10.7468072859745,119.22536356455953
1120,10.752012932604735,118.32899471703593
1121,10.757218579234973,117.43379419436879
1122,10.76242422586521,116.53975943621491
1123,10.767629872495446,115.64688788923559
1124,10.772835519125683,114.75517700704519
1125,10.77804116575592,113.86462425045008
1126,10.783246812386157,112.9752270860167
1127,10.788452459016394,112.0869829876844
1128,10.79365810564663,111.19988943691006
1129,10.798863752276867,110.31394392054294
1130,10.804069398907103,109.42914393194981
1131,10.80927504553734,108.54548697312309
1132,10.814480692167578,107.6629705515698
1133,10.819686338797814,106.78159217986811
1134,10.824891985428051,105.90134938032834
1135,10.830097632058287,105.02223967932542
1136,10.835303278688524,104.14426061029437
1137,10.840508925318762,103.26740971504822
1138,10.845714571948998,102.39168453890083
1139,10.850920218579235,101.51708263530932
1140,10.856125865209473,100.64360156591724
1141,10.861331511839708,99.77123889569208
1142,10.866537158469946,98.8999921972892
1143,10.871742805100181,98.02985905100978
1144,10.876948451730419,97.16083704097662
1145,10.882154098360656,96.29292376030942
1146,10.887359744990892,95.42611680773012
1147,10.89256539162113,94.56041378746767
1148,10.897771038251365,93.69581230981004
1149,10.902976684881603,92.83230999233311
1150,10.90818233151184,91.96990446032139
1151,10.913387978142076,91.1085933427724
1152,10.918593624772313,90.24837427466113
1153,10.923799271402551,89.389244899963
1154,10.929004918032787,88.53120286737723
1155,10.934210564663024,87.67424583051506
1156,10.93941621129326,86.81837145084978
1157,10.944621857923497,85.96357739536384
1158,10.949827504553735,85.10986133755817
1159,10.95503315118397,84.2572209576428
1160,10.960238797814208,83.40565394002536
1161,10.965444444444444,82.5551579759701
1162,10.970650091074681,81.70573076393543
1163,10.975855737704919,80.85737000698504
1164,10.981061384335154,80.01007341538265
1165,10.986267030965392,79.16383870466845
1166,10.991472677595628,78.3186635959265
1167,10.996678324225865,77.47454581702121
1168,11.001883970856102,76.63148310150075
1169,11.007089617486338,75.7894731897032
1170,11.012295264116576,74.9485138259035
1171,11.017500910746813,74.10860276135554
1172,11.022706557377049,73.26973775451667
1173,11.027912204007286,72.43191656699346
1174,11.033117850637522,71.5951369677313
1175,11.03832349726776,70.75939673275028
1176,11.043529143897997,69.92469364192492
1177,11.048734790528233,69.09102548010158
1178,11.05394043715847,68.25839004026201
1179,11.059146083788708,67.42678512114452
1180,11.064351730418943,66.59620852505661
1181,11.06955737704918,65.76665806195444
1182,11.074763023679417,64.93813154609535
1183,11.079968670309654,64.11062679818785
1184,11.085174316939892,63.28414164487842
1185,11.090379963570127,62.45867391746353
1186,11.095585610200365,61.63422145385029
1187,11.1007912568306,60.81078209702242
1188,11.105996903460838,59.98835369598248
1189,11.111202550091075,59.16693410462468
1190,11.116408196721311,58.34652118287926
1191,11.121613843351549,57.5271127959371
1192,11.126819489981784,56.7087068151454
1193,11.132025136612022,55.89130111682399
1194,11.13723078324226,55.07489358234675
1195,11.142436429872495,54.25948209990506
1196,11.147642076502732,53.44506456188721
1197,11.15284772313297,52.631638865822
1198,11.158053369763206,51.81920291676863
1199,11.163259016393443,51.00775462317268
1200,11.168464663023679,50.19729189898713
1201,11.173670309653916,49.38781266462001
1202,11.178875956284154,48.579314845485186
1203,11.18408160291439,47.77179637194874
1204,11.189287249544627,46.96525517974969
1205,11.194492896174863,46.159689210297635
1206,11.1996985428051,45.35509640917334
1207,11.204904189435338,44.55147472926128
1208,11.210109836065573,43.748822127336965
1209,11.21531548269581,42.94713656477813
1210,11.220521129326048,42.146416010660914
1211,11.225726775956284,41.34665843651404
1212,11.230932422586521,40.5478618197934
1213,11.236138069216757,39.75002414510843
1214,11.241343715846995,38.953143399646976
1215,11.246549362477232,38.15721757630939
1216,11.251755009107468,37.36224467459628
1217,11.256960655737705,36.56822269793883
1218,11.262166302367941,35.77514965523437
1219,11.267371948998179,34.98302355964438
1220,11.272577595628416,34.191842430503236
1221,11.277783242258652,33.40160429174923
1222,11.28298888888889,32.61230717232116
1223,11.288194535519125,31.823949106160043
1224,11.293400182149362,31.036528132237663
1225,11.2986058287796,30.250042295232323
1226,11.303811475409836,29.46448964365251
1227,11.309017122040073,28.679868231147992
1228,11.31422276867031,27.896176116848164
1229,11.319428415300546,27.113411365038953
1230,11.324634061930784,26.331572044312303
1231,11.32983970856102,25.550656227880804
1232,11.335045355191257,24.77066199515411
1233,11.340251001821494,23.991587429313753
1234,11.34545664845173,23.21343061791685
1235,11.350662295081968,22.436189654823355
1236,11.355867941712205,21.659862638054328
1237,11.36107358834244,20.884447670716014
1238,11.366279234972678,20.109942860134502
1239,11.371484881602914,19.336346318176133
1240,11.376690528233151,18.5636561625179
1241,11.381896174863389,17.791870515450988
1242,11.387101821493625,17.020987503564903
1243,11.392307468123862,16.251005257494114
1244,11.397513114754098,15.481921914734261
1245,11.402718761384335,14.713735614997958
1246,11.407924408014573,13.946444503993247
1247,11.413130054644808,13.180046733116436
1248,11.418335701275046,12.414540455760825
1249,11.423541347905282,11.649923832011275
1250,11.42874699453552,10.886195026175589
1251,11.433952641165757,10.123352207446846
1252,11.439158287795992,9.36139354866114
1253,11.44436393442623,8.600317228217465
1254,11.449569581056465,7.840121428534288
1255,11.454775227686703,7.080804336073872
1256,11.45998087431694,6.322364143881722
1257,11.465186520947176,5.56479904721736
1258,11.470392167577414,4.808107246721926
1259,11.475597814207651,4.052286948759546
1260,11.480803460837887,3.297336362300533
1261,11.486009107468124,2.543253702090824
1262,11.49121475409836,1.7900371861656614
1263,11.496420400728597,1.037685038385927
1264,11.501626047358835,0.28619548689775565
1265,11.50683169398907,-0.4644332377315761
1266,11.512037340619308,-1.2142028980851804
1267,11.517242987249546,-1.9631152530143885
1268,11.522448633879781,-2.7111720576128855
1269,11.527654280510019,-3.4583750619347455
1270,11.532859927140255,-4.204726012225817
1271,11.538065573770492,-4.9502266496391805
1272,11.54327122040073,-5.694878711788486
1273,11.548476867030965,-6.438683931453904
1274,11.553682513661203,-7.181644037196535
1275,11.558888160291438,-7.923760752695765
1276,11.564093806921676,-8.66503579893701
1277,11.569299453551913,-9.405470891349855
1278,11.574505100182149,-10.145067740715358
1279,11.579710746812387,-10.883828055688202
1280,11.584916393442622,-11.621753537700819
1281,11.59012204007286,-12.358845885685778
1282,11.595327686703097,-13.09510679511321
1283,11.600533333333333,-13.830537954776437
1284,11.60573897996357,-14.565141052174619
1285,11.610944626593808,-15.298917768734736
1286,11.616150273224044,-16.03186978198373
1287,11.621355919854281,-16.763998766185885
1288,11.626561566484517,-17.495306389764156
1289,11.631767213114754,-18.225794318453374
1290,11.636972859744992,-18.95546421370301
1291,11.642178506375227,-19.684317732622556
1292,11.647384153005465,-20.412356527667082
1293,11.652589799635702,-21.13958224852431
1294,11.657795446265938,-21.865996539513397
1295,11.663001092896176,-22.591601041188138
1296,11.668206739526411,-23.31639739125216
1297,11.673412386156649,-24.040387221348446
1298,11.678618032786886,-24.763572160562273
1299,11.683823679417122,-25.48595383344457
1300,11.68902932604736,-26.207533860668406
1301,11.694234972677595,-26.928313859943206
1302,11.699440619307833,-27.648295442477355
1303,11.70464626593807,-28.36748021681132
1304,11.709851912568306,-29.08586978907123
1305,11.715057559198543,-29.8034657594748
1306,11.720263205828779,-30.520269724521867
1307,11.725468852459016,-31.236283277935183
1308,11.730674499089254,-31.95150800842082
1309,11.73588014571949,-32.66594550087393
1310,11.741085792349727,-33.37959733641055
1311,11.746291438979963,-34.09246509360178
1312,11.7514970856102,-34.80455034492214
1313,11.756702732240438,-35.51585465964314
1314,11.761908378870674,-36.22637960471845
1315,11.767114025500911,-36.936126742245726
1316,11.772319672131148,-37.64509763008667
1317,11.777525318761384,-38.353293822109805
1318,11.782730965391622,-39.06071686855403
1319,11.787936612021857,-39.767368317585515
1320,11.793142258652095,-40.473249711734866
1321,11.798347905282332,-41.17836258951723
1322,11.803553551912568,-41.882708487600354
1323,11.808759198542806,-42.58628893697623
1324,11.813964845173043,-43.2891054651968
1325,11.819170491803279,-43.99115959758047
1326,11.824376138433516,-44.69245285468176
1327,11.829581785063752,-45.392986753200056
1328,11.83478743169399,-46.092762806283034
1329,11.839993078324227,-46.791782522896504
1330,11.845198724954463,-47.49004740966714
1331,11.8504043715847,-48.18755896835237
1332,11.855610018214936,-48.884318697396495
1333,11.860815664845173,-49.58032809256048
1334,11.86602131147541,-50.275588644349185
1335,11.871226958105646,-50.970101840823915
1336,11.876432604735884,-51.663869166046446
1337,11.88163825136612,-52.3568920996892
1338,11.886843897996357,-53.04917211993872
1339,11.892049544626595,-53.74071069929779
1340,11.89725519125683,-54.43150930707243
1341,11.902460837887068,-55.1215694107452
1342,11.907666484517303,-55.81089247200603
1343,11.912872131147541,-56.49947994965935
1344,11.918077777777778,-57.18733330062966
1345,11.923283424408014,-57.87445397593822
1346,11.928489071038252,-58.56084342467792
1347,11.933694717668489,-59.2465030913879
1348,11.938900364298725,-59.9314344182263
1349,11.944106010928962,-60.615638842757704
1350,11.9493116575592,-61.29911779956506
1351,11.954517304189435,-61.98187272079185
1352,11.959722950819673,-62.663905032959654
1353,11.964928597449909,-63.34521616146993
1354,11.970134244080146,-64.02580752666421
1355,11.975339890710384,-64.70568054647353
1356,11.98054553734062,-65.384836634
1357,11.985751183970857,-66.06327720022587
1358,11.990956830601093,-66.74100365328552
1359,11.99616247723133,-67.41801739648113
1360,12.001368123861567,-68.09431983028524
1361,12.006573770491803,-68.76991235188027
1362,12.01177941712204,-69.44479635558392
1363,12.016985063752276,-70.11897323080153
1364,12.022190710382514,-70.79244436562017
1365,12.027396357012751,-71.46521114422309
1366,12.032602003642987,-72.13727494609174
1367,12.037807650273225,-72.80863714906747
1368,12.04301329690346,-73.47929912697018
1369,12.048218943533698,-74.14926225023828
1370,12.053424590163935,-74.8185278866311
1371,12.058630236794171,-75.48709740075607
1372,12.063835883424408,-76.15497215252928
1373,12.069041530054644,-76.82215349906886
1374,12.074247176684882,-77.48864279599938
1375,12.079452823315119,-78.15444139453038
1376,12.084658469945355,-78.81955064196488
1377,12.089864116575592,-79.48397188279071
1378,12.09506976320583,-80.14770645899476
1379,12.100275409836065,-80.8107557089325
1380,12.105481056466303,-81.47312096776251
1381,12.11068670309654,-82.1348035674294
1382,12.115892349726776,-82.79580483652117
1383,12.121097996357014,-83.45612610072213
1384,12.12630364298725,-84.1157686827252
1385,12.131509289617487,-84.7747339018841
1386,12.136714936247724,-85.43302307459831
1387,12.14192058287796,-86.09063751382007
1388,12.147126229508197,-86.7475785291817
1389,12.152331876138433,-87.40384742790073
1390,12.15753752276867,-88.0594455141007
1391,12.162743169398908,-88.71437408787034
1392,12.167948816029144,-89.36863444742303
1393,12.173154462659381,-90.02222788756956
1394,12.178360109289617,-90.67515569895798
1395,12.183565755919854,-91.32741917038697
1396,12.188771402550092,-91.97901958753516
1397,12.193977049180328,-92.62995823245565
1398,12.199182695810565,-93.28023638438142
1399,12.2043883424408,-93.92985532096421
1400,12.209593989071038,-94.57881631425694
1401,12.214799635701276,-95.22712063411002
1402,12.220005282331512,-95.8747695489977
1403,12.225210928961749,-96.5217643228088
1404,12.230416575591986,-97.16810621750211
1405,12.235622222222222,-97.81379649093722
1406,12.24082786885246,-98.45883639835972
1407,12.246033515482695,-99.10322719263671
1408,12.251239162112933,-99.74697012323809
1409,12.25644480874317,-100.3900664366383
1410,12.261650455373406,-101.03251737713599
1411,12.266856102003644,-101.67432418531627
1412,12.272061748633881,-102.31548809803373
1413,12.277267395264117,-102.95601035092358
1414,12.282473041894354,-103.59589217654903
1415,12.28767868852459,-104.2351348039609
1416,12.292884335154827,-104.87373945901767
1417,12.298089981785065,-105.5117073654658
1418,12.3032956284153,-106.14903974373814
1419,12.308501275045538,-106.78573781078053
1420,12.313706921675774,-107.42180278297342
1421,12.318912568306011,-108.05723587208126
1422,12.324118214936249,-108.69203828599792
1423,12.329323861566484,-109.32621123225239
1424,12.334529508196722,-109.95975591447491
1425,12.339735154826958,-110.59267353262281
1426,12.344940801457195,-111.2249652853269
1427,12.350146448087433,-111.85663236727193
1428,12.355352094717668,-112.48767597135392
1429,12.360557741347906,-113.11809728683029
1430,12.365763387978141,-113.74789750055858
1431,12.370969034608379,-114.37707779664531
1432,12.376174681238616,-115.0056393561888
1433,12.381380327868852,-115.63358335808432
1434,12.38658597449909,-116.2609109781706
1435,12.391791621129327,-116.88762338989228
1436,12.396997267759563,-117.5137217624129
1437,12.4022029143898,-118.13920726450505
1438,12.407408561020038,-118.76408106081023
1439,12.412614207650273,-119.38834431265778
1440,12.417819854280511,-120.01199818130632
1441,12.423025500910747,-120.63504382273855
1442,12.428231147540984,-121.25748239069998
1443,12.433436794171222,-121.8793150378071
1444,12.438642440801457,-122.50054291192954
1445,12.443848087431695,-123.12116715944046
1446,12.44905373406193,-123.7411889244189
1447,12.454259380692168,-124.36060934727581
1448,12.459465027322405,-124.97942956552333
1449,12.464670673952641,-125.5976507162743
1450,12.469876320582879,-126.21527393235512
1451,12.475081967213114,-126.83230034354459
1452,12.480287613843352,-127.44873107724239
1453,12.48549326047359,-128.0645672592456
1454,12.490698907103825,-128.67981001249524
1455,12.495904553734063,-129.29446045625545
1456,12.501110200364298,-129.90851970837892
1457,12.506315846994536,-130.52198888358745
1458,12.511521493624773,-131.13486909425092
1459,12.516727140255009,-131.74716145015168
1460,12.521932786885246,-132.35886705832925
1461,12.527138433515484,-132.96998702340932
1462,12.53234408014572,-133.58052244738678
1463,12.537549726775957,-134.19047443018167
1464,12.542755373406193,-134.79984406848342
1465,12.54796102003643,-135.40863245710892
1466,12.553166666666668,-136.01684068807515
1467,12.558372313296903,-136.62446985069795
1468,12.56357795992714,-137.2315210321297
1469,12.568783606557378,-137.83799531666043
1470,12.573989253187614,-138.44389378652366
1471,12.579194899817852,-139.0492175210877
1472,12.584400546448087,-139.65396759775513
1473,12.589606193078325,-140.25814509126306
1474,12.594811839708562,-140.8617510737885
1475,12.600017486338798,-141.46478661400664
1476,12.605223132969035,-142.06725278041736
1477,12.610428779599271,-142.66915063811308
1478,12.615634426229509,-143.27048124841997
1479,12.620840072859746,-143.87124567141834
1480,12.626045719489982,-144.47144496534278
1481,12.63125136612022,-145.07108018578
1482,12.636457012750455,-145.6701523838047
1483,12.641662659380692,-146.26866261114677
1484,12.64686830601093,-146.86661191581456
1485,12.652073952641166,-147.46400134217555
1486,12.657279599271403,-148.06083193499805
1487,12.662485245901639,-148.65710473447146
1488,12.667690892531876,-149.2528207789608
1489,12.672896539162114,-149.8479811044286
1490,12.67810218579235,-150.44258674486082
1491,12.683307832422587,-151.03663873181742
1492,12.688513479052823,-151.63013809394397
1493,12.69371912568306,-152.22308585834725
1494,12.698924772313298,-152.81548304929845
1495,12.704130418943535,-153.40733068948015
1496,12.70933606557377,-153.99862979823715
1497,12.714541712204008,-154.5893813923889
1498,12.719747358834244,-155.17958648750192
1499,12.724953005464481,-155.7692460971852
1500,12.730158652094719,-156.35836123147024
1501,12.735364298724955,-156.94693289792366
1502,12.740569945355192,-157.53496210399086
1503,12.745775591985428,-158.12244985267318
1504,12.750981238615665,-158.7093971449523
1505,12.756186885245903,-159.2958049813079
1506,12.761392531876139,-159.88167435795032
1507,12.766598178506376,-160.46700626917024
1508,12.771803825136612,-161.0518017078887
1509,12.77700947176685,-161.63606166495
1510,12.782215118397087,-162.21978712749936
1511,12.787420765027322,-162.8029790811399
1512,12.79262641165756,-163.3856385105487
1513,12.797832058287796,-163.96776639617963
1514,12.803037704918033,-164.54936371739873
1515,12.80824335154827,-165.1304314515637
1516,12.813448998178506,-165.7109705726813
1517,12.818654644808744,-166.29098205377775
1518,12.82386029143898,-166.87046686499488
1519,12.829065938069217,-167.44942597463066
1520,12.834271584699454,-168.02786034959203
1521,12.839477231329692,-168.6057709520847
1522,12.844682877959928,-169.18315874489093
1523,12.849888524590163,-169.76002468750005
1524,12.8550941712204,-170.33636973659074
1525,12.860299817850638,-170.9121948486866
1526,12.865505464480876,-171.48750097592873
1527,12.870711111111111,-172.06228906989998
1528,12.875916757741349,-172.6365600785963
1529,12.881122404371585,-173.21031494875933
1530,12.886328051001822,-173.78355462692517
1531,12.89153369763206,-174.356280053573
1532,12.896739344262295,-174.9284921691561
1533,12.901944990892533,-175.5001919133341
1534,12.907150637522768,-176.07138022163963
1535,12.912356284153006,-176.6420580282881
1536,12.917561930783243,-177.21222626490535
1537,12.92276757741348,-177.78188586162796
1538,12.927973224043717,-178.35103774668872
1539,12.933178870673952,-178.91968284554736
1540,12.93838451730419,-179.48782208264757
1541,12.943590163934427,-180.05545637943732
1542,12.948795810564663,-180.62258665475858
1543,12.9540014571949,-181.18921382726714
1544,12.959207103825136,-181.75533881208273
1545,12.964412750455374,-182.3209625225487
1546,12.969618397085611,-182.88608587108547
1547,12.974824043715847,-183.45070976674302
1548,12.980029690346084,-184.01483511656443
1549,12.98523533697632,-184.57846282612823
1550,12.990440983606558,-185.14159379954012
1551,12.995646630236795,-185.70422893777257
1552,13.000852276867032,-186.26636914027225
1553,13.006057923497268,-186.82801530494928
1554,13.011263570127506,-187.38916832726053
1555,13.016469216757741,-187.9498291000705
1556,13.021674863387979,-188.50999851542025
1557,13.026880510018216,-189.06967746289905
1558,13.032086156648452,-189.62886682966788
1559,13.03729180327869,-190.1875675021965
1560,13.042497449908925,-190.74578036359787
1561,13.047703096539163,-191.30350629575642
1562,13.0529087431694,-191.86074617876758
1563,13.058114389799636,-192.4175008895315
1564,13.063320036429873,-192.9737713049244
1565,13.068525683060109,-193.5295582991269
1566,13.073731329690347,-194.08486274325642
1567,13.078936976320584,-194.63968550730704
1568,13.08414262295082,-195.19402746088352
1569,13.089348269581057,-195.74788946959004
1570,13.094553916211293,-196.3012723977135
1571,13.09975956284153,-196.85417710821537
1572,13.104965209471768,-197.40660446038265
1573,13.110170856102004,-197.9585553148544
1574,13.115376502732241,-198.51003052786055
1575,13.120582149362477,-199.06103095354823
1576,13.125787795992714,-199.61155744576706
1577,13.130993442622952,-200.16161085532602
1578,13.13619908925319,-200.71119203196665
1579,13.141404735883425,-201.26030182331064
1580,13.14661038251366,-201.8089410744905
1581,13.151816029143898,-202.3571106293892
1582,13.157021675774136,-202.90481133046043
1583,13.162227322404373,-203.4520440172804
1584,13.167432969034609,-203.9988095286609
1585,13.172638615664846,-204.54510870065562
1586,13.177844262295082,-205.0909423674898
1587,13.18304990892532,-205.63631136227278
1588,13.188255555555557,-206.18121651644313
1589,13.193461202185793,-206.7256586590486
1590,13.19866684881603,-207.26963861636577
1591,13.203872495446266,-207.81315721532147
1592,13.209078142076503,-208.35621527915643
1593,13.21428378870674,-208.89881363011784
1594,13.219489435336977,-209.44095308728944
1595,13.224695081967214,-209.98263446946663
1596,13.22990072859745,-210.5238585946097
1597,13.235106375227687,-211.0646262758578
1598,13.240312021857925,-211.6049383271219
1599,13.24551766848816,-212.1447955594623
1600,13.250723315118398,-212.68419878180055
1601,13.255928961748634,-213.22314880254027
1602,13.261134608378871,-213.7616464281117
1603,13.266340255009109,-214.29969246241808
1604,13.271545901639344,-214.83728770718648
1605,13.276751548269582,-215.37443296413855
1606,13.281957194899817,-215.91112903225945
1607,13.287162841530055,-216.44737670851487
1608,13.292368488160292,-216.98317678871464
1609,13.29757413479053,-217.5185300658676
1610,13.302779781420766,-218.0534373327151
1611,13.307985428051003,-218.58789938045635
1612,13.313191074681239,-219.12191699713497
1613,13.318396721311476,-219.65549096944846
1614,13.323602367941714,-220.18862208292714
1615,13.32880801457195,-220.7213111219161
1616,13.334013661202187,-221.25355886666276
1617,13.339219307832423,-221.78536609858466
1618,13.34442495446266,-222.31673359734913
1619,13.349630601092898,-222.84766213740397
1620,13.354836247723133,-223.37815249488432
1621,13.36004189435337,-223.90820544470424
1622,13.365247540983606,-224.43782175670444
1623,13.370453187613844,-224.9670022014861
1624,13.375658834244081,-225.4957475491358
1625,13.380864480874317,-226.0240585644462
1626,13.386070127504555,-226.55193601423773
1627,13.39127577413479,-227.07938066203968
1628,13.396481420765028,-227.60639326807924
1629,13.401687067395265,-228.13297459385976
1630,13.406892714025501,-228.65912539883766
1631,13.412098360655738,-229.18484643933652
1632,13.417304007285974,-229.71013847054095
1633,13.422509653916212,-230.23500224649024
1634,13.42771530054645,-230.75943851953247
1635,13.432920947176685,-231.28344803955656
1636,13.438126593806922,-231.80703155621282
1637,13.443332240437158,-232.33018981687232
1638,13.448537887067396,-232.85292356698628
1639,13.453743533697633,-233.37523355133843
1640,13.45894918032787,-233.8971205112657
1641,13.464154826958106,-234.41858518943027
1642,13.469360473588344,-234.93962832375828
1643,13.47456612021858,-235.46025065279028
1644,13.479771766848817,-235.98045291309907
1645,13.484977413479054,-236.50023583837537
1646,13.49018306010929,-237.01960016307194
1647,13.495388706739528,-237.53854661726942
1648,13.500594353369763,-238.05707593125865
1649,13.5058,-238.36221438534818
1650,10.6479,129.80709276019783
1651,10.653105646630237,129.4614869464486
1652,10.658311293260473,128.70689145139247
1653,10.66351693989071,127.95285052552819
1654,10.668722586520946,127.19936325096037
1655,10.673928233151184,126.44642871461504
1656,10.679133879781421,125.69404600136849
1657,10.684339526411657,124.94221420055713
1658,10.689545173041894,124.19093240415083
1659,10.694750819672132,123.44019970297146
1660,10.699956466302368,122.69001519236265
1661,10.705162112932605,121.94037796949944
1662,10.71036775956284,121.19128713213078
1663,10.715573406193078,120.44274178093639
1664,10.720779052823316,119.69474101789343
1665,10.725984699453551,118.9472839472596
1666,10.731190346083789,118.20036967579718
1667,10.736395992714025,117.45399731151706
1668,10.741601639344262,116.70816596398754
1669,10.7468072859745,115.96287474415877
1670,10.752012932604735,115.21812276682455
1671,10.757218579234973,114.47390914758961
1672,10.76242422586521,113.73023300376619
1673,10.767629872495446,112.98709345480401
1674,10.772835519125683,112.2444896213254
1675,10.77804116575592,111.50242062681271
1676,10.783246812386157,110.76088559644789
1677,10.788452459016394,110.01988365722552
1678,10.79365810564663,109.27941393748534
1679,10.798863752276867,108.53947556623137
1680,10.804069398907103,107.80006767748323
1681,10.80927504553734,107.0611894061632
1682,10.814480692167578,106.32283988613447
1683,10.819686338797814,105.5850182562391
1684,10.824891985428051,104.84772365665805
1685,10.830097632058287,104.11095522794892
1686,10.835303278688524,103.37471211342785
1687,10.840508925318762,102.63899345868566
1688,10.845714571948998,101.90379841024287
1689,10.850920218579235,101.16912611631635
1690,10.856125865209473,100.43497572802201
1691,10.861331511839708,99.70134639745702
1692,10.866537158469946,98.96823727907496
1693,10.871742805100181,98.23564752753849
1694,10.876948451730419,97.50357630100167
1695,10.882154098360656,96.77202275913284
1696,10.887359744990892,96.04098606266582
1697,10.89256539162113,95.31046537477155
1698,10.897771038251365,94.5804598595048
1699,10.902976684881603,93.85096868330729
1700,10.90818233151184,93.1219910154054
1701,10.913387978142076,92.39352602408785
1702,10.918593624772313,91.66557288163527
1703,10.923799271402551,90.93813076195171
1704,10.929004918032787,90.21119883894573
1705,10.934210564663024,89.48477629028505
1706,10.93941621129326,88.75886229375186
1707,10.944621857923497,88.03345603054491
1708,10.949827504553735,87.30855668178408
1709,10.95503315118397,86.5841634313656
1710,10.960238797814208,85.86027546433249
1711,10.965444444444444,85.13689196741478
1712,10.970650091074681,84.41401213114318
1713,10.975855737704919,83.6916351445425
1714,10.981061384335154,82.96976019859716
1715,10.986267030965392,82.24838648851305
1716,10.991472677595628,81.52751321006295
1717,10.996678324225865,80.80713955989872
1718,11.001883970856102,80.08726473653736
1719,11.007089617486338,79.36788794053933
1720,11.012295264116576,78.64900837434755
1721,11.017500910746813,77.93062524109776
1722,11.022706557377049,77.21273774692088
1723,11.027912204007286,76.49534509808046
1724,11.033117850637522,75.77844650393453
1725,11.03832349726776,75.06204117514243
1726,11.043529143897997,74.34612832253701
1727,11.048734790528233,73.63070716032972
1728,11.05394043715847,72.91577690412967
1729,11.059146083788708,72.20133677035247
1730,11.064351730418943,71.4873859770283
1731,11.06955737704918,70.7739237454536
1732,11.074763023679417,70.06094929651607
1733,11.079968670309654,69.34846185342928
1734,11.085174316939892,68.63646064090068
1735,11.090379963570127,67.92494488654272
1736,11.095585610200365,67.21391381767197
1737,11.1007912568306,66.50336666338562
1738,11.105996903460838,65.79330265578949
1739,11.111202550091075,65.08372102703622
1740,11.116408196721311,64.37462101256567
1741,11.121613843351549,63.66600184789082
1742,11.126819489981784,62.95786277007475
1743,11.132025136612022,62.250203018960754
1744,11.13723078324226,61.54302183450409
1745,11.142436429872495,60.8363184597217
1746,11.147642076502732,60.1300921377581
1747,11.15284772313297,59.42434211433432
1748,11.158053369763206,58.71906763675668
1749,11.163259016393443,58.01426795189694
1750,11.168464663023679,57.30994231134187
1751,11.173670309653916,56.60608996622082
1752,11.178875956284154,55.90271016909831
1753,11.18408160291439,55.199802174807544
1754,11.189287249544627,54.497365239032675
1755,11.194492896174863,53.79539862041622
1756,11.1996985428051,53.09390157720723
1757,11.204904189435338,52.392873370074
1758,11.210109836065573,51.692313261415634
1759,11.21531548269581,50.992220514231356
1760,11.220521129326048,50.29259439519836
1761,11.225726775956284,49.59343416970199
1762,11.230932422586521,48.89473910499935
1763,11.236138069216757,48.19650847264874
1764,11.241343715846995,47.498741543304384
1765,11.246549362477232,46.80143758799597
1766,11.251755009107468,46.10459588267147
1767,11.256960655737705,45.408215702452125
1768,11.262166302367941,44.712296322524885
1769,11.267371948998179,44.01683702338727
1770,11.272577595628416,43.321837085053616
1771,11.277783242258652,42.62729578822115
1772,11.28298888888889,41.93321241497268
1773,11.288194535519125,41.23958625029624
1774,11.293400182149362,40.546416580556674
1775,11.2986058287796,39.853702691382495
1776,11.303811475409836,39.161443873474994
1777,11.309017122040073,38.46963941619962
1778,11.31422276867031,37.77828860913811
1779,11.319428415300546,37.08739074699008
1780,11.324634061930784,36.39694512470624
1781,11.32983970856102,35.70695103653794
1782,11.335045355191257,35.01740778007184
1783,11.340251001821494,34.328314655348464
1784,11.34545664845173,33.639670960164565
1785,11.350662295081968,32.95147599664704
1786,11.355867941712205,32.2637290690984
1787,11.36107358834244,31.57642947992287
1788,11.366279234972678,30.889576534969052
1789,11.371484881602914,30.203169542587815
1790,11.376690528233151,29.517207810225134
1791,11.381896174863389,28.831690647567193
1792,11.387101821493625,28.146617366503687
1793,11.392307468123862,27.461987278700455
1794,11.397513114754098,26.777799698699926
1795,11.402718761384335,26.09405394206538
1796,11.407924408014573,25.410749325104206
1797,11.413130054644808,24.727885166081403
1798,11.418335701275046,24.045460784028553
1799,11.423541347905282,23.3634754993582
1800,11.42874699453552,22.68192863543688
1801,11.433952641165757,22.000819515183437
1802,11.439158287795992,21.32014746322646
1803,11.44436393442623,20.639911806893753
1804,11.449569581056465,19.96011187276654
1805,11.454775227686703,19.280746988877283
1806,11.45998087431694,18.60181648693261
1807,11.465186520947176,17.92331969790911
1808,11.470392167577414,17.245255954911894
1809,11.475597814207651,16.567624592246315
1810,11.480803460837887,15.890424944461166
1811,11.486009107468124,15.213656349840623
1812,11.49121475409836,14.53731814601026
1813,11.496420400728597,13.861409671828648
1814,11.501626047358835,13.185930268984015
1815,11.50683169398907,12.510879279468591
1816,11.512037340619308,11.836256046867717
1817,11.517242987249546,11.162059914482237
1818,11.522448633879781,10.488290229727687
1819,11.527654280510019,9.814946341020478
1820,11.532859927140255,9.14202759431203
1821,11.538065573770492,8.469533341290997
1822,11.54327122040073,7.797462933417874
1823,11.548476867030965,7.125815720970723
1824,11.553682513661203,6.4545910590655655
1825,11.558888160291438,5.783788304510048
1826,11.564093806921676,5.113406811388751
1827,11.569299453551913,4.443445937396311
1828,11.574505100182149,3.773905042262475
1829,11.579710746812387,3.104783485557255
1830,11.584916393442622,2.436080628912624
1831,11.59012204007286,1.7677958350836955
1832,11.595327686703097,1.0999284676453598
1833,11.600533333333333,0.4324778913157699
1834,11.60573897996357,-0.23455652644415945
1835,11.610944626593808,-0.9011754182737906
1836,11.616150273224044,-1.5673794159521257
1837,11.621355919854281,-2.2331691484827147
1838,11.626561566484517,-2.898545245256061
1839,11.631767213114754,-3.5635083338178632
1840,11.636972859744992,-4.228059038904216
1841,11.642178506375227,-4.892197986240891
1842,11.647384153005465,-5.555925800632919
1843,11.652589799635702,-6.219243103407018
1844,11.657795446265938,-6.882150515574365
1845,11.663001092896176,-7.544648658469747
1846,11.668206739526411,-8.206738149591772
1847,11.673412386156649,-8.868419606735994
1848,11.678618032786886,-9.529693647036229
1849,11.683823679417122,-10.190560885343766
1850,11.68902932604736,-10.851021935827932
1851,11.694234972677595,-11.511077410998844
1852,11.699440619307833,-12.170727922976408
1853,11.70464626593807,-12.829974081571004
1854,11.709851912568306,-13.488816495530894
1855,11.715057559198543,-14.147255774475036
1856,11.720263205828779,-14.805292524390211
1857,11.725468852459016,-15.462927350180705
1858,11.730674499089254,-16.120160858235522
1859,11.73588014571949,-16.776993649982018
1860,11.741085792349727,-17.43342632799249
1861,11.746291438979963,-18.089459494359144
1862,11.7514970856102,-18.74509374811673
1863,11.756702732240438,-19.40032968781397
1864,11.761908378870674,-20.05516791050902
1865,11.767114025500911,-20.7096090133961
1866,11.772319672131148,-21.363653590902736
1867,11.777525318761384,-22.017302237542204
1868,11.782730965391622,-22.67055554600973
1869,11.787936612021857,-23.323414107796502
1870,11.793142258652095,-23.97587851414799
1871,11.798347905282332,-24.627949353494987
1872,11.803553551912568,-25.279627214626395
1873,11.808759198542806,-25.930912684782935
1874,11.813964845173043,-26.581806349324246
1875,11.819170491803279,-27.232308793939424
1876,11.824376138433516,-27.8824206020996
1877,11.829581785063752,-28.532142355669073
1878,11.83478743169399,-29.181474637807387
1879,11.839993078324227,-29.83041802748637
1880,11.845198724954463,-30.478973103633965
1881,11.8504043715847,-31.127140445825326
1882,11.855610018214936,-31.77492063003774
1883,11.860815664845173,-32.4223142318791
1884,11.86602131147541,-33.06932182725503
1885,11.871226958105646,-33.71594398938718
1886,11.876432604735884,-34.36218129015482
1887,11.88163825136612,-35.00803430200474
1888,11.886843897996357,-35.65350359469714
1889,11.892049544626595,-36.298589737597545
1890,11.89725519125683,-36.94329329895816
1891,11.902460837887068,-37.58761484629542
1892,11.907666484517303,-38.231554945373134
1893,11.912872131147541,-38.87511416084418
1894,11.918077777777778,-39.51829305659887
1895,11.923283424408014,-40.161092195038755
1896,11.928489071038252,-40.80351213875692
1897,11.933694717668489,-41.44555344824867
1898,11.938900364298725,-42.087216682490386
1899,11.944106010928962,-42.72850240029846
1900,11.9493116575592,-43.369411158689516
1901,11.954517304189435,-44.00994351378473
1902,11.959722950819673,-44.65010002185545
1903,11.964928597449909,-45.28988123698957
1904,11.970134244080146,-45.92928771140836
1905,11.975339890710384,-46.568319997457806
1906,11.98054553734062,-47.206978646541884
1907,11.985751183970857,-47.84526420886528
1908,11.990956830601093,-48.483177233055784
1909,11.99616247723133,-49.12071826681132
1910,12.001368123861567,-49.75788785726004
1911,12.006573770491803,-50.39468654988447
1912,12.01177941712204,-51.03111488990951
1913,12.016985063752276,-51.66717342126639
1914,12.022190710382514,-52.30286268559869
1915,12.027396357012751,-52.93818322525321
1916,12.032602003642987,-53.57313558187064
1917,12.037807650273225,-54.207720293505865
1918,12.04301329690346,-54.84193789851828
1919,12.048218943533698,-55.47578893556724
1920,12.053424590163935,-56.10927394167526
1921,12.058630236794171,-56.74239345179446
1922,12.063835883424408,-57.37514799955047
1923,12.069041530054644,-58.00753811949412
1924,12.074247176684882,-58.63956434412756
1925,12.079452823315119,-59.27122720361207
1926,12.084658469945355,-59.90252722995177
1927,12.089864116575592,-60.53346495344625
1928,12.09506976320583,-61.16404090003612
1929,12.100275409836065,-61.794255598471764
1930,12.105481056466303,-62.42410957577348
1931,12.11068670309654,-63.05360335622906
1932,12.115892349726776,-63.682737465591586
1933,12.121097996357014,-64.31151242720755
1934,12.12630364298725,-64.93992876261377
1935,12.131509289617487,-65.56798699384994
1936,12.136714936247724,-66.195687642513
1937,12.14192058287796,-66.8230312266513
1938,12.147126229508197,-67.45001826551243
1939,12.152331876138433,-68.07664927748917
1940,12.15753752276867,-68.70292477745392
1941,12.162743169398908,-69.32884528245472
1942,12.167948816029144,-69.95441130760568
1943,12.173154462659381,-70.57962336519641
1944,12.178360109289617,-71.20448196894782
1945,12.183565755919854,-71.828987631679
1946,12.188771402550092,-72.45314086202737
1947,12.193977049180328,-73.07694217097844
1948,12.199182695810565,-73.70039206865346
1949,12.2043883424408,-74.32349106056905
1950,12.209593989071038,-74.94623965563306
1951,12.214799635701276,-75.56863836019818
1952,12.220005282331512,-76.19068767792321
1953,12.225210928961749,-76.81238811388737
1954,12.230416575591986,-77.43374017191326
1955,12.235622222222222,-78.05474435377158
1956,12.24082786885246,-78.67540116030678
1957,12.246033515482695,-79.29571109236645
1958,12.251239162112933,-79.91567465046192
1959,12.25644480874317,-80.53529233147823
1960,12.261650455373406,-81.15456463455808
1961,12.266856102003644,-81.77349205619419
1962,12.272061748633881,-82.39207509055396
1963,12.277267395264117,-83.01031423504871
1964,12.282473041894354,-83.62820998241722
1965,12.28767868852459,-84.24576282500551
1966,12.292884335154827,-84.86297325644178
1967,12.298089981785065,-85.47984176733416
1968,12.3032956284153,-86.09636884713247
1969,12.308501275045538,-86.71255498662083
1970,12.313706921675774,-87.32840067346525
1971,12.318912568306011,-87.94390639557007
1972,12.324118214936249,-88.55907263979913
1973,12.329323861566484,-89.17389989047032
1974,12.334529508196722,-89.78838863489025
1975,12.339735154826958,-90.40253935619498
1976,12.344940801457195,-91.01635253536152
1977,12.350146448087433,-91.62982865768878
1978,12.355352094717668,-92.24296820352713
1979,12.360557741347906,-92.85577165112174
1980,12.365763387978141,-93.4682394826082
1981,12.370969034608379,-94.0803721769147
1982,12.376174681238616,-94.69217020949067
1983,12.381380327868852,-95.30363405788775
1984,12.38658597449909,-95.91476420021061
1985,12.391791621129327,-96.52556110935485
1986,12.396997267759563,-97.1360252592821
1987,12.4022029143898,-97.74615712550387
1988,12.407408561020038,-98.35595717863559
1989,12.412614207650273,-98.9654258910175
1990,12.417819854280511,-99.57456373348577
1991,12.423025500910747,-100.18337117595857
1992,12.428231147540984,-100.79184868709028
1993,12.433436794171222,-101.39999673536788
1994,12.438642440801457,-102.00781578791384
1995,12.443848087431695,-102.6153063109909
1996,12.44905373406193,-103.22246877160927
1997,12.454259380692168,-103.82930363275771
1998,12.459465027322405,-104.4358113582457
1999,12.464670673952641,-105.04199241252311
2000,12.469876320582879,-105.64784725778655
2001,12.475081967213114,-106.25337635353847
2002,12.480287613843352,-106.85858016169496
2003,12.48549326047359,-107.46345914155597
2004,12.490698907103825,-108.06801375200311
2005,12.495904553734063,-108.67224445201826
2006,12.501110200364298,-109.27615169716888
2007,12.506315846994536,-109.87973594369944
2008,12.511521493624773,-110.48299764793623
2009,12.516727140255009,-111.08593726506902
2010,12.521932786885246,-111.6885552476012
2011,12.527138433515484,-112.29085204910673
2012,12.53234408014572,-112.89282812165783
2013,12.537549726775957,-113.49448391669355
2014,12.542755373406193,-114.09581988525986
2015,12.54796102003643,-114.69683647560373
2016,12.553166666666668,-115.29753413772015
2017,12.558372313296903,-115.89791331972252
2018,12.56357795992714,-116.49797446801036
2019,12.568783606557378,-117.0977180293229
2020,12.573989253187614,-117.69714445055611
2021,12.579194899817852,-118.29625417517506
2022,12.584400546448087,-118.89504764688546
2023,12.589606193078325,-119.49352530997439
2024,12.594811839708562,-120.09168760527587
2025,12.600017486338798,-120.68953497546657
2026,12.605223132969035,-121.28706786320181
2027,12.610428779599271,-121.88428670549187
2028,12.615634426229509,-122.48119194196353
2029,12.620840072859746,-123.07778401254873
2030,12.626045719489982,-123.6740633531302
2031,12.63125136612022,-124.27003040126267
2032,12.636457012750455,-124.8656855936478
2033,12.641662659380692,-125.46102936509197
2034,12.64686830601093,-126.05606214894925
2035,12.652073952641166,-126.6507843807045
2036,12.657279599271403,-127.24519649195985
2037,12.662485245901639,-127.83929891446728
2038,12.667690892531876,-128.43309208116446
2039,12.672896539162114,-129.026576421777
2040,12.67810218579235,-129.61975236536128
2041,12.683307832422587,-130.21262034190514
2042,12.688513479052823,-130.8051807794394
2043,12.69371912568306,-131.39743410437723
2044,12.698924772313298,-131.9893807450661
2045,12.704130418943535,-132.581021126467
2046,12.70933606557377,-133.17235567361593
2047,12.714541712204008,-133.76338481103807
2048,12.719747358834244,-134.3541089629986
2049,12.724953005464481,-134.94452855175933
2050,12.730158652094719,-135.53464399872817
2051,12.735364298724955,-136.12445572700787
2052,12.740569945355192,-136.7139641553571
2053,12.745775591985428,-137.30316970433222
2054,12.750981238615665,-137.8920727938476
2055,12.756186885245903,-138.480673841194
2056,12.761392531876139,-139.06897326463124
2057,12.766598178506376,-139.65697148013183
2058,12.771803825136612,-140.2446689040461
2059,12.77700947176685,-140.83206595240088
2060,12.782215118397087,-141.41916303926646
2061,12.787420765027322,-142.00596057860548
2062,12.79262641165756,-142.59245898381022
2063,12.797832058287796,-143.17865866582625
2064,12.803037704918033,-143.7645600383938
2065,12.80824335154827,-144.35016351186852
2066,12.813448998178506,-144.93546949506677
2067,12.818654644808744,-145.52047839900843
2068,12.82386029143898,-146.1051906322359
2069,12.829065938069217,-146.68960660150708
2070,12.834271584699454,-147.27372671469314
2071,12.839477231329692,-147.8575513799505
2072,12.844682877959928,-148.4410810004743
2073,12.849888524590163,-149.02431598291446
2074,12.8550941712204,-149.60725673188284
2075,12.860299817850638,-150.18990364981863
2076,12.865505464480876,-150.77225714014455
2077,12.870711111111111,-151.35431760583091
2078,12.875916757741349,-151.936085448112
2079,12.881122404371585,-152.51756106672664
2080,12.886328051001822,-153.0987448630822
2081,12.89153369763206,-153.6796372361545
2082,12.896739344262295,-154.26023858362814
2083,12.901944990892533,-154.8405493056786
2084,12.907150637522768,-155.42056979743148
2085,12.912356284153006,-156.00030045565623
2086,12.917561930783243,-156.57974167783743
2087,12.92276757741348,-157.15889385766735
2088,12.927973224043717,-157.737757390249
2089,12.933178870673952,-158.31633266877824
2090,12.93838451730419,-158.894620087013
2091,12.943590163934427,-159.47262003692774
2092,12.948795810564663,-160.0503329102049
2093,12.9540014571949,-160.62775909814826
2094,12.959207103825136,-161.2048989904783
2095,12.964412750455374,-161.78175297709802
2096,12.969618397085611,-162.3583214471626
2097,12.974824043715847,-162.93460478879823
2098,12.980029690346084,-163.51060338937273
2099,12.98523533697632,-164.08631763606093
2100,12.990440983606558,-164.66174791513072
2101,12.995646630236795,-165.2368946113381
2102,13.000852276867032,-165.81175811026878
2103,13.006057923497268,-166.38633879584543
2104,13.011263570127506,-166.96063705117444
2105,13.016469216757741,-167.53465325984922
2106,13.021674863387979,-168.1083878041687
2107,13.026880510018216,-168.68184106491682
2108,13.032086156648452,-169.2550134221379
2109,13.03729180327869,-169.82790525755735
2110,13.042497449908925,-170.40051695015788
2111,13.047703096539163,-170.9728488783113
2112,13.0529087431694,-171.54490142063182
2113,13.058114389799636,-172.1166749542534
2114,13.063320036429873,-172.68816985618676
2115,13.068525683060109,-173.2593865020967
2116,13.073731329690347,-173.8303252684404
2117,13.078936976320584,-174.40098653011006
2118,13.08414262295082,-174.97137066012965
2119,13.089348269581057,-175.54147803280725
2120,13.094553916211293,-176.1113090210785
2121,13.09975956284153,-176.68086399614305
2122,13.104965209471768,-177.25014333083115
2123,13.110170856102004,-177.8191473967932
2124,13.115376502732241,-178.38787656264503
2125,13.120582149362477,-178.9563311981098
2126,13.125787795992714,-179.52451167330008
2127,13.130993442622952,-180.0924183559645
2128,13.13619908925319,-180.6600516134818
2129,13.141404735883425,-181.22741181396395
2130,13.14661038251366,-181.7944993230195
2131,13.151816029143898,-182.36131450641636
2132,13.157021675774136,-182.92785773028385
2133,13.162227322404373,-183.49412935787134
2134,13.167432969034609,-184.06012975346613
2135,13.172638615664846,-184.62585928110906
2136,13.177844262295082,-185.191318303023
2137,13.18304990892532,-185.75650718068795
2138,13.188255555555557,-186.3214262764353
2139,13.193461202185793,-186.88607595024394
2140,13.19866684881603,-187.45045656257565
2141,13.203872495446266,-188.0145684731295
2142,13.209078142076503,-188.5784120404769
2143,13.21428378870674,-189.14198762329926
2144,13.219489435336977,-189.70529557861758
2145,13.224695081967214,-190.26833626355452
2146,13.22990072859745,-190.83111003480684
2147,13.235106375227687,-191.3936172490041
2148,13.240312021857925,-191.95585826069555
2149,13.24551766848816,-192.51783342346442
2150,13.250723315118398,-193.07954309278554
2151,13.255928961748634,-193.6409876211504
2152,13.261134608378871,-194.20216736095836
2153,13.266340255009109,-194.7630826650409
2154,13.271545901639344,-195.32373388523888
2155,13.276751548269582,-195.88412137236702
2156,13.281957194899817,-196.4442454756778
2157,13.287162841530055,-197.0041065461253
2158,13.292368488160292,-197.5637049325012
2159,13.29757413479053,-198.1230409830776
2160,13.302779781420766,-198.68211504523785
2161,13.307985428051003,-199.24092746782384
2162,13.313191074681239,-199.79947859736012
2163,13.318396721311476,-200.3577687776826
2164,13.323602367941714,-200.9157983562916
2165,13.32880801457195,-201.47356767927755
2166,13.334013661202187,-202.03107708874126
2167,13.339219307832423,-202.58832692953885
2168,13.34442495446266,-203.1453175445427
2169,13.349630601092898,-203.70204927590092
2170,13.354836247723133,-204.25852246651203
2171,13.36004189435337,-204.81473745744847
2172,13.365247540983606,-205.37069458996748
2173,13.370453187613844,-205.92639420331597
2174,13.375658834244081,-206.48183663782328
2175,13.380864480874317,-207.0370222327196
2176,13.386070127504555,-207.59195132648318
2177,13.39127577413479,-208.1466242573904
2178,13.396481420765028,-208.70104136094974
2179,13.401687067395265,-209.25520297556545
2180,13.406892714025501,-209.80910943851904
2181,13.412098360655738,-210.36276108338782
2182,13.417304007285974,-210.91615824535663
2183,13.422509653916212,-211.46930126048503
2184,13.42771530054645,-212.02219046184737
2185,13.432920947176685,-212.5748261817335
2186,13.438126593806922,-213.12720875494492
2187,13.443332240437158,-213.6793385127343
2188,13.448537887067396,-214.2312157861056
2189,13.453743533697633,-214.78284090742616
2190,13.45894918032787,-215.33421420693347
2191,13.464154826958106,-215.8853360134626
2192,13.469360473588344,-216.43620665757052
2193,13.47456612021858,-216.98682646807336
2194,13.479771766848817,-217.53719577240906
2195,13.484977413479054,-218.08731489939674
2196,13.49018306010929,-218.63718417628402
2197,13.495388706739528,-219.1868039291126
2198,13.500594353369763,-219.73617448363325
2199,13.5058,-220.05325067763067
